{
  "timestamp": "2025-12-19T16:58:31.121812",
  "iou_threshold": 0.5,
  "confidence_threshold": 0.0,
  "metrics": {
    "precision": 0.6004140786749482,
    "recall": 0.48414023372287146,
    "f1_score": 0.5360443622920518,
    "ap_50": 0.7533662859926121,
    "ap_75": 0.4250857259228025,
    "ap": 0.500959784667643,
    "true_positives": 290,
    "false_positives": 193,
    "false_negatives": 309,
    "gt_count": 599,
    "pred_count": 483,
    "iou_threshold": 0.5,
    "confidence_threshold": 0.0,
    "num_images": 43
  }
}