{
  "session_id": "20251107_171554",
  "timestamp": "2025-11-07T17:16:33.323454",
  "status": "completed",
  "phases": {
    "extraction": {
      "frames_extracted": 4,
      "success_rate": 1.0
    },
    "detection": {
      "total_detections": 85,
      "avg_per_frame": 21.25
    },
    "transform": {
      "frames_processed": 4
    },
    "aggregation": {
      "zones_count": 4
    },
    "visualization": {
      "graphs_generated": 2,
      "floormaps_generated": 4
    }
  },
  "performance": {
    "phase1_extraction": {
      "total_time": 32.80313301086426,
      "count": 1,
      "avg_time": 32.80313301086426,
      "min_time": 32.80313301086426,
      "max_time": 32.80313301086426
    },
    "phase2_detection": {
      "total_time": 2.813852071762085,
      "count": 1,
      "avg_time": 2.813852071762085,
      "min_time": 2.813852071762085,
      "max_time": 2.813852071762085
    },
    "phase2.5_tracking": {
      "total_time": 2.650999069213867,
      "count": 1,
      "avg_time": 2.650999069213867,
      "min_time": 2.650999069213867,
      "max_time": 2.650999069213867
    },
    "phase3_transform": {
      "total_time": 0.0044939517974853516,
      "count": 1,
      "avg_time": 0.0044939517974853516,
      "min_time": 0.0044939517974853516,
      "max_time": 0.0044939517974853516
    },
    "phase4_aggregation": {
      "total_time": 0.002711057662963867,
      "count": 1,
      "avg_time": 0.002711057662963867,
      "min_time": 0.002711057662963867,
      "max_time": 0.002711057662963867
    },
    "phase5_visualization": {
      "total_time": 0.6086740493774414,
      "count": 1,
      "avg_time": 0.6086740493774414,
      "min_time": 0.6086740493774414,
      "max_time": 0.6086740493774414
    }
  }
}