{
  "session_id": "20251112_164207",
  "timestamp": "2025-11-12T16:42:44.573974",
  "status": "completed",
  "phases": {
    "extraction": {
      "frames_extracted": 4,
      "success_rate": 1.0
    },
    "detection": {
      "total_detections": 85,
      "avg_per_frame": 21.25
    },
    "transform": {
      "frames_processed": 4
    },
    "aggregation": {
      "zones_count": 4
    },
    "visualization": {
      "graphs_generated": 2,
      "floormaps_generated": 4
    }
  },
  "performance": {
    "phase1_extraction": {
      "total_time": 31.594947814941406,
      "count": 1,
      "avg_time": 31.594947814941406,
      "min_time": 31.594947814941406,
      "max_time": 31.594947814941406
    },
    "phase2_detection": {
      "total_time": 2.743638038635254,
      "count": 1,
      "avg_time": 2.743638038635254,
      "min_time": 2.743638038635254,
      "max_time": 2.743638038635254
    },
    "phase2.5_tracking": {
      "total_time": 2.1449220180511475,
      "count": 1,
      "avg_time": 2.1449220180511475,
      "min_time": 2.1449220180511475,
      "max_time": 2.1449220180511475
    },
    "phase3_transform": {
      "total_time": 0.004279136657714844,
      "count": 1,
      "avg_time": 0.004279136657714844,
      "min_time": 0.004279136657714844,
      "max_time": 0.004279136657714844
    },
    "phase4_aggregation": {
      "total_time": 0.0027201175689697266,
      "count": 1,
      "avg_time": 0.0027201175689697266,
      "min_time": 0.0027201175689697266,
      "max_time": 0.0027201175689697266
    },
    "phase5_visualization": {
      "total_time": 0.625603199005127,
      "count": 1,
      "avg_time": 0.625603199005127,
      "min_time": 0.625603199005127,
      "max_time": 0.625603199005127
    }
  }
}