{
  "timestamp": "2025-12-19T17:25:11.956190",
  "iou_threshold": 0.5,
  "confidence_threshold": 0.0,
  "metrics": {
    "precision": 0.7027027027027027,
    "recall": 0.3038397328881469,
    "f1_score": 0.42424242424242425,
    "ap_50": 0.823559710129637,
    "ap_75": 0.5820221335800827,
    "ap": 0.6002130470062182,
    "true_positives": 182,
    "false_positives": 77,
    "false_negatives": 417,
    "gt_count": 599,
    "pred_count": 259,
    "iou_threshold": 0.5,
    "confidence_threshold": 0.0,
    "num_images": 42
  }
}