{
  "timestamp": "2025-12-19T16:57:27.681463",
  "iou_threshold": 0.5,
  "confidence_threshold": 0.0,
  "metrics": {
    "precision": 0.6065217391304348,
    "recall": 0.4657762938230384,
    "f1_score": 0.5269121813031162,
    "ap_50": 0.7678535424881989,
    "ap_75": 0.43680792605723145,
    "ap": 0.5408500822580917,
    "true_positives": 279,
    "false_positives": 181,
    "false_negatives": 320,
    "gt_count": 599,
    "pred_count": 460,
    "iou_threshold": 0.5,
    "confidence_threshold": 0.0,
    "num_images": 42
  }
}