{
  "session_id": "20251107_162041",
  "timestamp": "2025-11-07T16:21:16.536890",
  "status": "completed",
  "phases": {
    "extraction": {
      "frames_extracted": 4,
      "success_rate": 1.0
    },
    "detection": {
      "total_detections": 85,
      "avg_per_frame": 21.25
    },
    "transform": {
      "frames_processed": 4
    },
    "aggregation": {
      "zones_count": 4
    },
    "visualization": {
      "graphs_generated": 2,
      "floormaps_generated": 4
    }
  },
  "performance": {
    "phase1_extraction": {
      "total_time": 32.31794095039368,
      "count": 1,
      "avg_time": 32.31794095039368,
      "min_time": 32.31794095039368,
      "max_time": 32.31794095039368
    },
    "phase2_detection": {
      "total_time": 2.61281156539917,
      "count": 1,
      "avg_time": 2.61281156539917,
      "min_time": 2.61281156539917,
      "max_time": 2.61281156539917
    },
    "phase3_transform": {
      "total_time": 0.00445103645324707,
      "count": 1,
      "avg_time": 0.00445103645324707,
      "min_time": 0.00445103645324707,
      "max_time": 0.00445103645324707
    },
    "phase4_aggregation": {
      "total_time": 0.0024650096893310547,
      "count": 1,
      "avg_time": 0.0024650096893310547,
      "min_time": 0.0024650096893310547,
      "max_time": 0.0024650096893310547
    },
    "phase5_visualization": {
      "total_time": 0.5279068946838379,
      "count": 1,
      "avg_time": 0.5279068946838379,
      "min_time": 0.5279068946838379,
      "max_time": 0.5279068946838379
    }
  }
}