{
  "session_id": "20251107_164324",
  "timestamp": "2025-11-07T16:44:02.909934",
  "status": "completed",
  "phases": {
    "extraction": {
      "frames_extracted": 4,
      "success_rate": 1.0
    },
    "detection": {
      "total_detections": 85,
      "avg_per_frame": 21.25
    },
    "transform": {
      "frames_processed": 4
    },
    "aggregation": {
      "zones_count": 4
    },
    "visualization": {
      "graphs_generated": 2,
      "floormaps_generated": 4
    }
  },
  "performance": {
    "phase1_extraction": {
      "total_time": 31.326674938201904,
      "count": 1,
      "avg_time": 31.326674938201904,
      "min_time": 31.326674938201904,
      "max_time": 31.326674938201904
    },
    "phase2_detection": {
      "total_time": 2.963701009750366,
      "count": 1,
      "avg_time": 2.963701009750366,
      "min_time": 2.963701009750366,
      "max_time": 2.963701009750366
    },
    "phase2.5_tracking": {
      "total_time": 3.980142116546631,
      "count": 1,
      "avg_time": 3.980142116546631,
      "min_time": 3.980142116546631,
      "max_time": 3.980142116546631
    },
    "phase3_transform": {
      "total_time": 0.004391908645629883,
      "count": 1,
      "avg_time": 0.004391908645629883,
      "min_time": 0.004391908645629883,
      "max_time": 0.004391908645629883
    },
    "phase4_aggregation": {
      "total_time": 0.002588987350463867,
      "count": 1,
      "avg_time": 0.002588987350463867,
      "min_time": 0.002588987350463867,
      "max_time": 0.002588987350463867
    },
    "phase5_visualization": {
      "total_time": 0.4444758892059326,
      "count": 1,
      "avg_time": 0.4444758892059326,
      "min_time": 0.4444758892059326,
      "max_time": 0.4444758892059326
    }
  }
}