{
  "session_id": "20251107_170905",
  "timestamp": "2025-11-07T17:09:43.270830",
  "status": "completed",
  "phases": {
    "extraction": {
      "frames_extracted": 4,
      "success_rate": 1.0
    },
    "detection": {
      "total_detections": 85,
      "avg_per_frame": 21.25
    },
    "transform": {
      "frames_processed": 4
    },
    "aggregation": {
      "zones_count": 4
    },
    "visualization": {
      "graphs_generated": 2,
      "floormaps_generated": 4
    }
  },
  "performance": {
    "phase1_extraction": {
      "total_time": 31.435981035232544,
      "count": 1,
      "avg_time": 31.435981035232544,
      "min_time": 31.435981035232544,
      "max_time": 31.435981035232544
    },
    "phase2_detection": {
      "total_time": 2.852492094039917,
      "count": 1,
      "avg_time": 2.852492094039917,
      "min_time": 2.852492094039917,
      "max_time": 2.852492094039917
    },
    "phase2.5_tracking": {
      "total_time": 2.518754005432129,
      "count": 1,
      "avg_time": 2.518754005432129,
      "min_time": 2.518754005432129,
      "max_time": 2.518754005432129
    },
    "phase3_transform": {
      "total_time": 0.0038912296295166016,
      "count": 1,
      "avg_time": 0.0038912296295166016,
      "min_time": 0.0038912296295166016,
      "max_time": 0.0038912296295166016
    },
    "phase4_aggregation": {
      "total_time": 0.0030679702758789062,
      "count": 1,
      "avg_time": 0.0030679702758789062,
      "min_time": 0.0030679702758789062,
      "max_time": 0.0030679702758789062
    },
    "phase5_visualization": {
      "total_time": 0.6186890602111816,
      "count": 1,
      "avg_time": 0.6186890602111816,
      "min_time": 0.6186890602111816,
      "max_time": 0.6186890602111816
    }
  }
}