{
  "session_id": "20251107_170653",
  "timestamp": "2025-11-07T17:07:30.504632",
  "status": "completed",
  "phases": {
    "extraction": {
      "frames_extracted": 4,
      "success_rate": 1.0
    },
    "detection": {
      "total_detections": 85,
      "avg_per_frame": 21.25
    },
    "transform": {
      "frames_processed": 4
    },
    "aggregation": {
      "zones_count": 4
    },
    "visualization": {
      "graphs_generated": 2,
      "floormaps_generated": 4
    }
  },
  "performance": {
    "phase1_extraction": {
      "total_time": 31.980164051055908,
      "count": 1,
      "avg_time": 31.980164051055908,
      "min_time": 31.980164051055908,
      "max_time": 31.980164051055908
    },
    "phase2_detection": {
      "total_time": 2.7752199172973633,
      "count": 1,
      "avg_time": 2.7752199172973633,
      "min_time": 2.7752199172973633,
      "max_time": 2.7752199172973633
    },
    "phase2.5_tracking": {
      "total_time": 2.090769052505493,
      "count": 1,
      "avg_time": 2.090769052505493,
      "min_time": 2.090769052505493,
      "max_time": 2.090769052505493
    },
    "phase3_transform": {
      "total_time": 0.003870248794555664,
      "count": 1,
      "avg_time": 0.003870248794555664,
      "min_time": 0.003870248794555664,
      "max_time": 0.003870248794555664
    },
    "phase4_aggregation": {
      "total_time": 0.0029578208923339844,
      "count": 1,
      "avg_time": 0.0029578208923339844,
      "min_time": 0.0029578208923339844,
      "max_time": 0.0029578208923339844
    },
    "phase5_visualization": {
      "total_time": 0.6337382793426514,
      "count": 1,
      "avg_time": 0.6337382793426514,
      "min_time": 0.6337382793426514,
      "max_time": 0.6337382793426514
    }
  }
}