{
  "session_id": "20251107_170029",
  "timestamp": "2025-11-07T17:01:09.340178",
  "status": "completed",
  "phases": {
    "extraction": {
      "frames_extracted": 4,
      "success_rate": 1.0
    },
    "detection": {
      "total_detections": 85,
      "avg_per_frame": 21.25
    },
    "transform": {
      "frames_processed": 4
    },
    "aggregation": {
      "zones_count": 4
    },
    "visualization": {
      "graphs_generated": 2,
      "floormaps_generated": 4
    }
  },
  "performance": {
    "phase1_extraction": {
      "total_time": 33.097813844680786,
      "count": 1,
      "avg_time": 33.097813844680786,
      "min_time": 33.097813844680786,
      "max_time": 33.097813844680786
    },
    "phase2_detection": {
      "total_time": 3.3396825790405273,
      "count": 1,
      "avg_time": 3.3396825790405273,
      "min_time": 3.3396825790405273,
      "max_time": 3.3396825790405273
    },
    "phase2.5_tracking": {
      "total_time": 2.688256025314331,
      "count": 1,
      "avg_time": 2.688256025314331,
      "min_time": 2.688256025314331,
      "max_time": 2.688256025314331
    },
    "phase3_transform": {
      "total_time": 0.005233049392700195,
      "count": 1,
      "avg_time": 0.005233049392700195,
      "min_time": 0.005233049392700195,
      "max_time": 0.005233049392700195
    },
    "phase4_aggregation": {
      "total_time": 0.0028100013732910156,
      "count": 1,
      "avg_time": 0.0028100013732910156,
      "min_time": 0.0028100013732910156,
      "max_time": 0.0028100013732910156
    },
    "phase5_visualization": {
      "total_time": 1.0924201011657715,
      "count": 1,
      "avg_time": 1.0924201011657715,
      "min_time": 1.0924201011657715,
      "max_time": 1.0924201011657715
    }
  }
}