{
  "timestamp": "2025-12-24T16:49:25.220159",
  "iou_threshold": 0.5,
  "confidence_threshold": 0.0,
  "metrics": {
    "precision": 0.8472222222222222,
    "recall": 0.8146911519198664,
    "f1_score": 0.8306382978723404,
    "ap_50": 0.9519408122061515,
    "ap_75": 0.611051310293546,
    "ap": 0.5948147508970079,
    "true_positives": 488,
    "false_positives": 88,
    "false_negatives": 111,
    "gt_count": 599,
    "pred_count": 576,
    "iou_threshold": 0.5,
    "confidence_threshold": 0.0,
    "num_images": 42
  }
}