{
  "session_id": "20251107_153529",
  "timestamp": "2025-11-07T15:36:03.575500",
  "status": "completed",
  "phases": {
    "extraction": {
      "frames_extracted": 4,
      "success_rate": 1.0
    },
    "detection": {
      "total_detections": 85,
      "avg_per_frame": 21.25
    },
    "transform": {
      "frames_processed": 4
    },
    "aggregation": {
      "zones_count": 4
    },
    "visualization": {
      "graphs_generated": 2,
      "floormaps_generated": 4
    }
  },
  "performance": {
    "phase1_extraction": {
      "total_time": 30.57268714904785,
      "count": 1,
      "avg_time": 30.57268714904785,
      "min_time": 30.57268714904785,
      "max_time": 30.57268714904785
    },
    "phase2_detection": {
      "total_time": 2.463494300842285,
      "count": 1,
      "avg_time": 2.463494300842285,
      "min_time": 2.463494300842285,
      "max_time": 2.463494300842285
    },
    "phase3_transform": {
      "total_time": 0.004225015640258789,
      "count": 1,
      "avg_time": 0.004225015640258789,
      "min_time": 0.004225015640258789,
      "max_time": 0.004225015640258789
    },
    "phase4_aggregation": {
      "total_time": 0.003136873245239258,
      "count": 1,
      "avg_time": 0.003136873245239258,
      "min_time": 0.003136873245239258,
      "max_time": 0.003136873245239258
    },
    "phase5_visualization": {
      "total_time": 0.530188798904419,
      "count": 1,
      "avg_time": 0.530188798904419,
      "min_time": 0.530188798904419,
      "max_time": 0.530188798904419
    }
  }
}