{
  "session_id": "20251107_170950",
  "timestamp": "2025-11-07T17:10:27.917809",
  "status": "completed",
  "phases": {
    "extraction": {
      "frames_extracted": 4,
      "success_rate": 1.0
    },
    "detection": {
      "total_detections": 85,
      "avg_per_frame": 21.25
    },
    "transform": {
      "frames_processed": 4
    },
    "aggregation": {
      "zones_count": 4
    },
    "visualization": {
      "graphs_generated": 2,
      "floormaps_generated": 4
    }
  },
  "performance": {
    "phase1_extraction": {
      "total_time": 32.00359511375427,
      "count": 1,
      "avg_time": 32.00359511375427,
      "min_time": 32.00359511375427,
      "max_time": 32.00359511375427
    },
    "phase2_detection": {
      "total_time": 2.8309969902038574,
      "count": 1,
      "avg_time": 2.8309969902038574,
      "min_time": 2.8309969902038574,
      "max_time": 2.8309969902038574
    },
    "phase2.5_tracking": {
      "total_time": 2.366554021835327,
      "count": 1,
      "avg_time": 2.366554021835327,
      "min_time": 2.366554021835327,
      "max_time": 2.366554021835327
    },
    "phase3_transform": {
      "total_time": 0.0038619041442871094,
      "count": 1,
      "avg_time": 0.0038619041442871094,
      "min_time": 0.0038619041442871094,
      "max_time": 0.0038619041442871094
    },
    "phase4_aggregation": {
      "total_time": 0.0026390552520751953,
      "count": 1,
      "avg_time": 0.0026390552520751953,
      "min_time": 0.0026390552520751953,
      "max_time": 0.0026390552520751953
    },
    "phase5_visualization": {
      "total_time": 0.6265859603881836,
      "count": 1,
      "avg_time": 0.6265859603881836,
      "min_time": 0.6265859603881836,
      "max_time": 0.6265859603881836
    }
  }
}