{
  "session_id": "20251107_153739",
  "timestamp": "2025-11-07T15:38:13.303393",
  "status": "completed",
  "phases": {
    "extraction": {
      "frames_extracted": 4,
      "success_rate": 1.0
    },
    "detection": {
      "total_detections": 85,
      "avg_per_frame": 21.25
    },
    "transform": {
      "frames_processed": 4
    },
    "aggregation": {
      "zones_count": 4
    },
    "visualization": {
      "graphs_generated": 2,
      "floormaps_generated": 4
    }
  },
  "performance": {
    "phase1_extraction": {
      "total_time": 30.422506093978882,
      "count": 1,
      "avg_time": 30.422506093978882,
      "min_time": 30.422506093978882,
      "max_time": 30.422506093978882
    },
    "phase2_detection": {
      "total_time": 2.5213491916656494,
      "count": 1,
      "avg_time": 2.5213491916656494,
      "min_time": 2.5213491916656494,
      "max_time": 2.5213491916656494
    },
    "phase3_transform": {
      "total_time": 0.004563093185424805,
      "count": 1,
      "avg_time": 0.004563093185424805,
      "min_time": 0.004563093185424805,
      "max_time": 0.004563093185424805
    },
    "phase4_aggregation": {
      "total_time": 0.002961874008178711,
      "count": 1,
      "avg_time": 0.002961874008178711,
      "min_time": 0.002961874008178711,
      "max_time": 0.002961874008178711
    },
    "phase5_visualization": {
      "total_time": 0.48485398292541504,
      "count": 1,
      "avg_time": 0.48485398292541504,
      "min_time": 0.48485398292541504,
      "max_time": 0.48485398292541504
    }
  }
}