{
  "session_id": "20251107_165332",
  "timestamp": "2025-11-07T16:54:11.264747",
  "status": "completed",
  "phases": {
    "extraction": {
      "frames_extracted": 4,
      "success_rate": 1.0
    },
    "detection": {
      "total_detections": 85,
      "avg_per_frame": 21.25
    },
    "transform": {
      "frames_processed": 4
    },
    "aggregation": {
      "zones_count": 4
    },
    "visualization": {
      "graphs_generated": 2,
      "floormaps_generated": 4
    }
  },
  "performance": {
    "phase1_extraction": {
      "total_time": 32.34510278701782,
      "count": 1,
      "avg_time": 32.34510278701782,
      "min_time": 32.34510278701782,
      "max_time": 32.34510278701782
    },
    "phase2_detection": {
      "total_time": 2.5364279747009277,
      "count": 1,
      "avg_time": 2.5364279747009277,
      "min_time": 2.5364279747009277,
      "max_time": 2.5364279747009277
    },
    "phase2.5_tracking": {
      "total_time": 3.4379191398620605,
      "count": 1,
      "avg_time": 3.4379191398620605,
      "min_time": 3.4379191398620605,
      "max_time": 3.4379191398620605
    },
    "phase3_transform": {
      "total_time": 0.005213260650634766,
      "count": 1,
      "avg_time": 0.005213260650634766,
      "min_time": 0.005213260650634766,
      "max_time": 0.005213260650634766
    },
    "phase4_aggregation": {
      "total_time": 0.0027680397033691406,
      "count": 1,
      "avg_time": 0.0027680397033691406,
      "min_time": 0.0027680397033691406,
      "max_time": 0.0027680397033691406
    },
    "phase5_visualization": {
      "total_time": 0.77659010887146,
      "count": 1,
      "avg_time": 0.77659010887146,
      "min_time": 0.77659010887146,
      "max_time": 0.77659010887146
    }
  }
}