{
  "session_id": "20251107_171114",
  "timestamp": "2025-11-07T17:11:52.386063",
  "status": "completed",
  "phases": {
    "extraction": {
      "frames_extracted": 4,
      "success_rate": 1.0
    },
    "detection": {
      "total_detections": 85,
      "avg_per_frame": 21.25
    },
    "transform": {
      "frames_processed": 4
    },
    "aggregation": {
      "zones_count": 4
    },
    "visualization": {
      "graphs_generated": 2,
      "floormaps_generated": 4
    }
  },
  "performance": {
    "phase1_extraction": {
      "total_time": 32.21936082839966,
      "count": 1,
      "avg_time": 32.21936082839966,
      "min_time": 32.21936082839966,
      "max_time": 32.21936082839966
    },
    "phase2_detection": {
      "total_time": 2.686638116836548,
      "count": 1,
      "avg_time": 2.686638116836548,
      "min_time": 2.686638116836548,
      "max_time": 2.686638116836548
    },
    "phase2.5_tracking": {
      "total_time": 2.3220129013061523,
      "count": 1,
      "avg_time": 2.3220129013061523,
      "min_time": 2.3220129013061523,
      "max_time": 2.3220129013061523
    },
    "phase3_transform": {
      "total_time": 0.004182100296020508,
      "count": 1,
      "avg_time": 0.004182100296020508,
      "min_time": 0.004182100296020508,
      "max_time": 0.004182100296020508
    },
    "phase4_aggregation": {
      "total_time": 0.002758026123046875,
      "count": 1,
      "avg_time": 0.002758026123046875,
      "min_time": 0.002758026123046875,
      "max_time": 0.002758026123046875
    },
    "phase5_visualization": {
      "total_time": 0.6405580043792725,
      "count": 1,
      "avg_time": 0.6405580043792725,
      "min_time": 0.6405580043792725,
      "max_time": 0.6405580043792725
    }
  }
}